"race","strategy","tier","skill","source_file","status","memo"
"東京 芝 1800m","逃げ","recommended","府中の申し子","recommended\スクリーンショット 2026-08-25 020428.png","draft",""
"東京 芝 1800m","逃げ","recommended","良バ場の鬼","recommended\スクリーンショット 2026-08-25 020428.png","ready",""
"東京 芝 1800m","逃げ","recommended","弧線のプロフェッサー","recommended\スクリーンショット 2026-08-25 020428.png","ready",""
"東京 芝 1800m","逃げ","recommended","コーナー巧者○","recommended\スクリーンショット 2026-08-25 020428.png","draft",""
"東京 芝 1800m","逃げ","recommended","ハヤテ一文字","recommended\スクリーンショット 2026-08-25 020428.png","ready",""
"東京 芝 1800m","逃げ","recommended","直線巧者","recommended\スクリーンショット 2026-08-25 020428.png","ready",""
"東京 芝 1800m","逃げ","recommended","コンセントレーション","recommended\スクリーンショット 2026-08-25 020428.png","ready",""
"東京 芝 1800m","逃げ","recommended","ポジションセンス","recommended\スクリーンショット 2026-08-25 020428.png","ready",""
"東京 芝 1800m","逃げ","recommended","全身全霊","recommended\スクリーンショット 2026-08-25 020428.png","ready",""
"東京 芝 1800m","逃げ","recommended","末脚","recommended\スクリーンショット 2026-08-25 020428.png","ready",""
"東京 芝 1800m","逃げ","recommended","脱出術","recommended\スクリーンショット 2026-08-25 020428.png","ready",""
"東京 芝 1800m","逃げ","recommended","急ぎ足","recommended\スクリーンショット 2026-08-25 020428.png","ready",""
"東京 芝 1800m","逃げ","recommended","逃亡者","recommended\スクリーンショット 2026-08-25 020438.png","ready",""
"東京 芝 1800m","逃げ","recommended","押し切り準備","recommended\スクリーンショット 2026-08-25 020438.png","ready",""
"東京 芝 1800m","逃げ","recommended","マイルの支配者","recommended\スクリーンショット 2026-08-25 020438.png","ready",""
"東京 芝 1800m","逃げ","recommended","積極策","recommended\スクリーンショット 2026-08-25 020438.png","ready",""
"東京 芝 1800m","逃げ","recommended","逃げためらい","recommended\スクリーンショット 2026-08-25 020438.png","ready",""
"東京 芝 1800m","逃げ","recommended","先行ためらい","recommended\スクリーンショット 2026-08-25 020438.png","ready",""
"東京 芝 1800m","逃げ","recommended","差しためらい","recommended\スクリーンショット 2026-08-25 020438.png","ready",""
"東京 芝 1800m","逃げ","recommended","追込ためらい","recommended\スクリーンショット 2026-08-25 020438.png","ready",""
"東京 芝 1800m","逃げ","recommended","ギアチェンジ","recommended\スクリーンショット 2026-08-25 020438.png","ready",""
"東京 芝 1800m","逃げ","recommended","ギアシフト","recommended\スクリーンショット 2026-08-25 020438.png","ready",""
"東京 芝 1800m","逃げ","recommended","姉御肌","recommended\スクリーンショット 2026-08-25 020438.png","ready",""
"東京 芝 1800m","逃げ","recommended","負けん気","recommended\スクリーンショット 2026-08-25 020438.png","ready",""
"東京 芝 1800m","逃げ","recommended","スピードイーター","recommended\スクリーンショット 2026-08-25 020438.png","ready",""
"東京 芝 1800m","逃げ","recommended","危険回避","recommended\スクリーンショット 2026-08-25 020438.png","ready",""
"東京 芝 1800m","逃げ","recommended","トップランナー","recommended\スクリーンショット 2026-08-25 020447.png","ready",""
"東京 芝 1800m","逃げ","recommended","先頭プライド","recommended\スクリーンショット 2026-08-25 020447.png","ready",""
"東京 芝 1800m","逃げ","recommended","スリップストリーム","recommended\スクリーンショット 2026-08-25 020447.png","ready",""
"東京 芝 1800m","逃げ","recommended","いいとこ入った！","recommended\スクリーンショット 2026-08-25 020447.png","ready",""
"東京 芝 1800m","逃げ","recommended","遊びはおしまいっ！","recommended\スクリーンショット 2026-08-25 020447.png","ready",""
"東京 芝 1800m","逃げ","recommended","お先に失礼っ！","recommended\スクリーンショット 2026-08-25 020447.png","ready",""
"東京 芝 1800m","逃げ","recommended","至高のダウンヒラー","recommended\スクリーンショット 2026-08-25 020447.png","ready",""
"東京 芝 1800m","逃げ","recommended","下り坂巧者","recommended\スクリーンショット 2026-08-25 020447.png","ready",""
"東京 芝 1800m","逃げ","recommended","出力1000万%！！","recommended\スクリーンショット 2026-08-25 020447.png","draft",""
"東京 芝 1800m","逃げ","recommended","しゃかりき","recommended\スクリーンショット 2026-08-25 020447.png","ready",""
"東京 芝 1800m","逃げ","recommended","遮二無二","recommended\スクリーンショット 2026-08-25 020447.png","ready",""
"東京 芝 1800m","逃げ","recommended","向こう見ず","recommended\スクリーンショット 2026-08-25 020447.png","ready",""
"東京 芝 1800m","逃げ","recommended","優位形成","recommended\スクリーンショット 2026-08-25 020447.png","ready",""
"東京 芝 1800m","逃げ","recommended","しとやかな足取り","recommended\スクリーンショット 2026-08-25 020447.png","ready",""
"東京 芝 1800m","逃げ","recommended","神速","recommended\スクリーンショット 2026-08-25 020455.png","ready",""
"東京 芝 1800m","逃げ","recommended","快速","recommended\スクリーンショット 2026-08-25 020455.png","ready",""
"東京 芝 1800m","逃げ","recommended","雲蒸竜変","recommended\スクリーンショット 2026-08-25 020455.png","ready",""
"東京 芝 1800m","逃げ","recommended","自信家","recommended\スクリーンショット 2026-08-25 020455.png","ready",""
"東京 芝 1800m","逃げ","recommended","ネバーギブアップ","recommended\スクリーンショット 2026-08-25 020455.png","ready",""
"東京 芝 1800m","逃げ","recommended","十全十美","recommended\スクリーンショット 2026-08-25 020455.png","ready",""
"東京 芝 1800m","逃げ","recommended","品行方正","recommended\スクリーンショット 2026-08-25 020455.png","ready",""
"東京 芝 1800m","逃げ","recommended","機先の勝負","recommended\スクリーンショット 2026-08-25 020455.png","ready",""
"東京 芝 1800m","逃げ","recommended","序盤巧者","recommended\スクリーンショット 2026-08-25 020455.png","ready","manual_fix:厚底巧者->序盤巧者"
"東京 芝 1800m","逃げ","recommended","正攻法","recommended\スクリーンショット 2026-08-25 020455.png","ready",""
"東京 芝 1800m","逃げ","recommended","素直な一歩","recommended\スクリーンショット 2026-08-25 020455.png","ready",""
"東京 芝 1800m","逃げ","recommended","トキメキハート","recommended\スクリーンショット 2026-08-25 020455.png","ready",""
"東京 芝 1800m","逃げ","recommended","胸の高鳴り","recommended\スクリーンショット 2026-08-25 020455.png","ready",""
"東京 芝 1800m","逃げ","recommended","豪胆無比","recommended\スクリーンショット 2026-08-25 020455.png","ready","manual_fix:索敵無比->豪胆無比"
"東京 芝 1800m","逃げ","recommended","後方釘付","recommended\スクリーンショット 2026-08-25 020501.png","draft",""
"東京 芝 1800m","逃げ","recommended","早業","recommended\スクリーンショット 2026-08-25 020501.png","ready",""
"東京 芝 1800m","逃げ","recommended","切り込み隊長","recommended\スクリーンショット 2026-08-25 020501.png","ready",""
"東京 芝 1800m","逃げ","recommended","俊出","recommended\スクリーンショット 2026-08-25 020501.png","ready","manual_fix:鍔競り合い->俊出"
"東京 芝 1800m","逃げ","recommended","抜きん出る一歩","recommended\スクリーンショット 2026-08-25 020501.png","ready",""
"東京 芝 1800m","逃げ","recommended","猛烈激走","recommended\スクリーンショット 2026-08-25 020501.png","ready","manual_fix:疑心暗鬼->猛烈激走"
"東京 芝 1800m","逃げ","recommended","みなぎる闘志","recommended\スクリーンショット 2026-08-25 020501.png","ready",""
"東京 芝 1800m","逃げ","recommended","英俊豪傑","recommended\スクリーンショット 2026-08-25 020501.png","ready","manual_fix:英姿颯爽->英俊豪傑"
"東京 芝 1800m","逃げ","recommended","比類なき","recommended\スクリーンショット 2026-08-25 020501.png","ready",""
"東京 芝 1800m","逃げ","recommended","この手に掴んだ未来","recommended\スクリーンショット 2026-08-25 020501.png","ready",""
"東京 芝 1800m","逃げ","recommended","解き放つ情念","recommended\スクリーンショット 2026-08-25 020501.png","ready",""
"東京 芝 1800m","逃げ","recommended","好奇心","recommended\スクリーンショット 2026-08-25 020501.png","ready",""
"東京 芝 1800m","逃げ","recommended","心惹かれて","recommended\スクリーンショット 2026-08-25 020501.png","ready","manual_fix:心無しかれて->心惹かれて"
"東京 芝 1800m","逃げ","recommended","まばたき厳禁！","recommended\スクリーンショット 2026-08-25 020501.png","draft",""
"東京 芝 1800m","逃げ","recommended","シビれる走り","recommended\スクリーンショット 2026-08-25 020511.png","ready",""
"東京 芝 1800m","逃げ","recommended","燃ゆる魂","recommended\スクリーンショット 2026-08-25 020511.png","ready",""
"東京 芝 1800m","逃げ","recommended","灯を胸に","recommended\スクリーンショット 2026-08-25 020511.png","ready",""
"東京 芝 1800m","逃げ","recommended","順風満帆","recommended\スクリーンショット 2026-08-25 020511.png","ready",""
"東京 芝 1800m","逃げ","recommended","気持ちを乗せて","recommended\スクリーンショット 2026-08-25 020511.png","ready",""
"東京 芝 1800m","逃げ","recommended","逃げるが勝ち！","recommended\スクリーンショット 2026-08-25 020511.png","ready",""
"東京 芝 1800m","逃げ","recommended","元気溌剌","recommended\スクリーンショット 2026-08-25 020511.png","ready",""
"東京 芝 1800m","逃げ","recommended","溌剌","recommended\スクリーンショット 2026-08-25 020511.png","ready",""
"東京 芝 1800m","逃げ","recommended","前人未到","recommended\スクリーンショット 2026-08-25 020511.png","ready",""
"東京 芝 1800m","逃げ","recommended","巨歩","recommended\スクリーンショット 2026-08-25 020511.png","ready",""
"東京 芝 1800m","逃げ","recommended","阿吽の呼吸","recommended\スクリーンショット 2026-08-25 020511.png","ready",""
"東京 芝 1800m","逃げ","recommended","弾みをつけて","recommended\スクリーンショット 2026-08-25 020511.png","ready",""
"東京 芝 1800m","逃げ","recommended","ポイントマン","recommended\スクリーンショット 2026-08-25 020511.png","ready",""
"東京 芝 1800m","逃げ","recommended","奥の手","recommended\スクリーンショット 2026-08-25 020511.png","ready",""
"東京 芝 1800m","逃げ","recommended","連綿","recommended\スクリーンショット 2026-08-25 020517.png","ready",""
"東京 芝 1800m","逃げ","recommended","素質の証明","recommended\スクリーンショット 2026-08-25 020517.png","ready",""
"東京 芝 1800m","逃げ","recommended","前だけ見据えて","recommended\スクリーンショット 2026-08-25 020517.png","ready",""
"東京 芝 1800m","逃げ","recommended","レースの真髄・速","recommended\スクリーンショット 2026-08-25 020517.png","ready",""
"東京 芝 1800m","逃げ","recommended","レースの真髄・体","recommended\スクリーンショット 2026-08-25 020517.png","ready",""
"東京 芝 1800m","逃げ","recommended","いつまでも健やかに","recommended\スクリーンショット 2026-08-25 020517.png","ready",""
"東京 芝 1800m","逃げ","recommended","極上の感謝を！","recommended\スクリーンショット 2026-08-25 020517.png","draft",""
"東京 芝 1800m","逃げ","recommended","恩返し、召し上がれ","recommended\スクリーンショット 2026-08-25 020517.png","ready",""
"東京 芝 1800m","逃げ","super_recommended","左回り◎","super\スクリーンショット 2026-08-25 020354.png","ready",""
"東京 芝 1800m","逃げ","super_recommended","左回り○","super\スクリーンショット 2026-08-25 020354.png","ready",""
"東京 芝 1800m","逃げ","super_recommended","秋ウマ娘◎","super\スクリーンショット 2026-08-25 020354.png","ready",""
"東京 芝 1800m","逃げ","super_recommended","秋ウマ娘○","super\スクリーンショット 2026-08-25 020354.png","ready",""
"東京 芝 1800m","逃げ","super_recommended","先手必勝","super\スクリーンショット 2026-08-25 020354.png","ready",""
"東京 芝 1800m","逃げ","super_recommended","先駆け","super\スクリーンショット 2026-08-25 020354.png","ready",""
"東京 芝 1800m","逃げ","super_recommended","マイル直線◎","super\スクリーンショット 2026-08-25 020354.png","ready",""
"東京 芝 1800m","逃げ","super_recommended","マイル直線○","super\スクリーンショット 2026-08-25 020354.png","ready",""
"東京 芝 1800m","逃げ","super_recommended","マイルコーナー◎","super\スクリーンショット 2026-08-25 020354.png","ready",""
"東京 芝 1800m","逃げ","super_recommended","マイルコーナー○","super\スクリーンショット 2026-08-25 020354.png","ready",""
"東京 芝 1800m","逃げ","super_recommended","逃げ直線◎","super\スクリーンショット 2026-08-25 020354.png","ready",""
"東京 芝 1800m","逃げ","super_recommended","逃げ直線○","super\スクリーンショット 2026-08-25 020354.png","ready",""
"東京 芝 1800m","逃げ","super_recommended","逃げコーナー◎","super\スクリーンショット 2026-08-25 020406.png","ready",""
"東京 芝 1800m","逃げ","super_recommended","逃げコーナー○","super\スクリーンショット 2026-08-25 020406.png","ready",""
"東京 芝 1800m","逃げ","super_recommended","地固め","super\スクリーンショット 2026-08-25 020406.png","ready",""
"東京 芝 1800m","逃げ","super_recommended","盤石の構え","super\スクリーンショット 2026-08-25 020406.png","ready",""
"東京 芝 1800m","逃げ","super_recommended","尻尾上がり","super\スクリーンショット 2026-08-25 020406.png","ready",""
"東京 芝 1800m","逃げ","super_recommended","尻尾の滝登り","super\スクリーンショット 2026-08-25 020406.png","ready",""
"東京 芝 1800m","逃げ","super_recommended","ハイボルテージ","super\スクリーンショット 2026-08-25 020406.png","ready",""
"東京 芝 1800m","逃げ","super_recommended","心弾んで","super\スクリーンショット 2026-08-25 020406.png","ready",""
"東京 芝 1800m","逃げ","super_recommended","猪突猛進","super\スクリーンショット 2026-08-25 020406.png","ready",""
"東京 芝 1800m","逃げ","super_recommended","押しの一手","super\スクリーンショット 2026-08-25 020406.png","ready",""
"東京 芝 1800m","逃げ","super_recommended","星の煌き","super\スクリーンショット 2026-08-25 020406.png","draft",""
"東京 芝 1800m","先行","recommended","府中の申し子","recommended\20260825_020609_614.png","draft",""
"東京 芝 1800m","先行","recommended","良バ場の鬼","recommended\20260825_020609_614.png","ready",""
"東京 芝 1800m","先行","recommended","弧線のプロフェッサー","recommended\20260825_020609_614.png","ready",""
"東京 芝 1800m","先行","recommended","コーナー巧者○","recommended\20260825_020609_614.png","ready",""
"東京 芝 1800m","先行","recommended","ハヤテ一文字","recommended\20260825_020609_614.png","ready",""
"東京 芝 1800m","先行","recommended","直線巧者","recommended\20260825_020609_614.png","ready",""
"東京 芝 1800m","先行","recommended","ノンストップガール","recommended\20260825_020609_614.png","ready",""
"東京 芝 1800m","先行","recommended","垂れウマ回避","recommended\20260825_020609_614.png","ready",""
"東京 芝 1800m","先行","recommended","全身全霊","recommended\20260825_020609_614.png","ready",""
"東京 芝 1800m","先行","recommended","末脚","recommended\20260825_020609_614.png","ready",""
"東京 芝 1800m","先行","recommended","マイルの支配者","recommended\20260825_020609_614.png","ready",""
"東京 芝 1800m","先行","recommended","積極策","recommended\20260825_020609_614.png","ready",""
"東京 芝 1800m","先行","recommended","逃げためらい","recommended\20260825_020622_146.png","ready",""
"東京 芝 1800m","先行","recommended","先行ためらい","recommended\20260825_020622_146.png","ready",""
"東京 芝 1800m","先行","recommended","差しためらい","recommended\20260825_020622_146.png","ready",""
"東京 芝 1800m","先行","recommended","追込ためらい","recommended\20260825_020622_146.png","ready",""
"東京 芝 1800m","先行","recommended","ギアチェンジ","recommended\20260825_020622_146.png","ready",""
"東京 芝 1800m","先行","recommended","ギアシフト","recommended\20260825_020622_146.png","ready",""
"東京 芝 1800m","先行","recommended","姉御肌","recommended\20260825_020622_146.png","ready",""
"東京 芝 1800m","先行","recommended","負けん気","recommended\20260825_020622_146.png","ready",""
"東京 芝 1800m","先行","recommended","ウマ好み","recommended\20260825_020622_146.png","ready",""
"東京 芝 1800m","先行","recommended","ウママニア","recommended\20260825_020622_146.png","ready",""
"東京 芝 1800m","先行","recommended","スリップストリーム","recommended\20260825_020622_146.png","ready",""
"東京 芝 1800m","先行","recommended","いいとこ入った！","recommended\20260825_020622_146.png","ready",""
"東京 芝 1800m","先行","recommended","遊びはおしまいっ！","recommended\20260825_020622_146.png","ready",""
"東京 芝 1800m","先行","recommended","お先に失礼っ！","recommended\20260825_020622_146.png","ready",""
"東京 芝 1800m","先行","recommended","至高のダウンヒラー","recommended\20260825_020632_510.png","ready",""
"東京 芝 1800m","先行","recommended","下り坂巧者","recommended\20260825_020632_510.png","ready",""
"東京 芝 1800m","先行","recommended","アンストッパブル","recommended\20260825_020632_510.png","ready",""
"東京 芝 1800m","先行","recommended","攻めの姿勢","recommended\20260825_020632_510.png","ready",""
"東京 芝 1800m","先行","recommended","猛追","recommended\20260825_020632_510.png","ready",""
"東京 芝 1800m","先行","recommended","食らいつき","recommended\20260825_020632_510.png","ready",""
"東京 芝 1800m","先行","recommended","遮二無二","recommended\20260825_020632_510.png","ready",""
"東京 芝 1800m","先行","recommended","向こう見ず","recommended\20260825_020632_510.png","ready",""
"東京 芝 1800m","先行","recommended","優位形成","recommended\20260825_020632_510.png","ready",""
"東京 芝 1800m","先行","recommended","しとやかな足取り","recommended\20260825_020632_510.png","ready",""
"東京 芝 1800m","先行","recommended","神速","recommended\20260825_020632_510.png","ready",""
"東京 芝 1800m","先行","recommended","快速","recommended\20260825_020632_510.png","ready",""
"東京 芝 1800m","先行","recommended","雲蒸竜変","recommended\20260825_020632_510.png","ready",""
"東京 芝 1800m","先行","recommended","自信家","recommended\20260825_020632_510.png","ready",""
"東京 芝 1800m","先行","recommended","ネバーギブアップ","recommended\20260825_020640_979.png","ready",""
"東京 芝 1800m","先行","recommended","十全十美","recommended\20260825_020640_979.png","ready",""
"東京 芝 1800m","先行","recommended","品行方正","recommended\20260825_020640_979.png","ready",""
"東京 芝 1800m","先行","recommended","かっとばせ！","recommended\20260825_020640_979.png","ready",""
"東京 芝 1800m","先行","recommended","機先の勝負","recommended\20260825_020640_979.png","ready","manual_fix:捲土重来の勝負->機先の勝負"
"東京 芝 1800m","先行","recommended","序盤巧者","recommended\20260825_020640_979.png","ready",""
"東京 芝 1800m","先行","recommended","流星光底","recommended\20260825_020640_979.png","ready",""
"東京 芝 1800m","先行","recommended","飛躍の予感","recommended\20260825_020640_979.png","ready","manual_fix:飛騨の予感->飛躍の予感"
"東京 芝 1800m","先行","recommended","正攻法","recommended\20260825_020640_979.png","ready",""
"東京 芝 1800m","先行","recommended","素直な一歩","recommended\20260825_020640_979.png","ready",""
"東京 芝 1800m","先行","recommended","トキメキハート","recommended\20260825_020640_979.png","ready",""
"東京 芝 1800m","先行","recommended","胸の高鳴り","recommended\20260825_020640_979.png","ready",""
"東京 芝 1800m","先行","recommended","豪胆無比","recommended\20260825_020640_979.png","ready",""
"東京 芝 1800m","先行","recommended","後先恐れず","recommended\20260825_020640_979.png","ready","manual_fix:後続恐れず->後先恐れず"
"東京 芝 1800m","先行","recommended","影従打破","recommended\20260825_020652_357.png","ready","manual_fix:影打強破->影従打破"
"東京 芝 1800m","先行","recommended","アグレッシブ","recommended\20260825_020652_357.png","ready",""
"東京 芝 1800m","先行","recommended","ハジける闘志","recommended\20260825_020652_357.png","ready",""
"東京 芝 1800m","先行","recommended","逸る足取り","recommended\20260825_020652_357.png","ready","manual_fix:昂る足取り->逸る足取り"
"東京 芝 1800m","先行","recommended","正々堂々","recommended\20260825_020652_357.png","ready",""
"東京 芝 1800m","先行","recommended","己を信じて","recommended\20260825_020652_357.png","ready",""
"東京 芝 1800m","先行","recommended","猛烈激走","recommended\20260825_020652_357.png","ready",""
"東京 芝 1800m","先行","recommended","みなぎる闘志","recommended\20260825_020652_357.png","ready",""
"東京 芝 1800m","先行","recommended","英姿颯爽","recommended\20260825_020652_357.png","ready",""
"東京 芝 1800m","先行","recommended","比類なき","recommended\20260825_020652_357.png","ready",""
"東京 芝 1800m","先行","recommended","この手に掴んだ未来","recommended\20260825_020652_357.png","ready",""
"東京 芝 1800m","先行","recommended","解き放つ情念","recommended\20260825_020652_357.png","ready",""
"東京 芝 1800m","先行","recommended","好奇心","recommended\20260825_020652_357.png","ready",""
"東京 芝 1800m","先行","recommended","心惹かれて","recommended\20260825_020652_357.png","ready",""
"東京 芝 1800m","先行","recommended","まばたき厳禁！","recommended\20260825_020700_679.png","ready",""
"東京 芝 1800m","先行","recommended","シビれる走り","recommended\20260825_020700_679.png","ready",""
"東京 芝 1800m","先行","recommended","不抜の気概","recommended\20260825_020700_679.png","ready",""
"東京 芝 1800m","先行","recommended","気丈な姿勢","recommended\20260825_020700_679.png","ready","manual_fix:健気な姿勢->気丈な姿勢"
"東京 芝 1800m","先行","recommended","開花","recommended\20260825_020700_679.png","ready",""
"東京 芝 1800m","先行","recommended","目覚めの時","recommended\20260825_020700_679.png","ready",""
"東京 芝 1800m","先行","recommended","迸る気迫","recommended\20260825_020700_679.png","ready",""
"東京 芝 1800m","先行","recommended","意地っ張り","recommended\20260825_020700_679.png","ready",""
"東京 芝 1800m","先行","recommended","力業","recommended\20260825_020700_679.png","ready",""
"東京 芝 1800m","先行","recommended","燃ゆる魂","recommended\20260825_020700_679.png","ready",""
"東京 芝 1800m","先行","recommended","灯を胸に","recommended\20260825_020700_679.png","ready","manual_fix:灯を脚に->灯を胸に"
"東京 芝 1800m","先行","recommended","順風満帆","recommended\20260825_020700_679.png","ready",""
"東京 芝 1800m","先行","recommended","気持ちを乗せて","recommended\20260825_020700_679.png","ready",""
"東京 芝 1800m","先行","recommended","大車輪","recommended\20260825_020700_679.png","ready",""
"東京 芝 1800m","先行","recommended","余勢を駆って","recommended\20260825_020709_922.png","ready",""
"東京 芝 1800m","先行","recommended","行雲流水","recommended\20260825_020709_922.png","ready",""
"東京 芝 1800m","先行","recommended","淀みなし","recommended\20260825_020709_922.png","ready",""
"東京 芝 1800m","先行","recommended","ぶっちぎり！","recommended\20260825_020709_922.png","ready",""
"東京 芝 1800m","先行","recommended","元気溌剌","recommended\20260825_020709_922.png","ready",""
"東京 芝 1800m","先行","recommended","溌剌","recommended\20260825_020709_922.png","ready",""
"東京 芝 1800m","先行","recommended","前人未到","recommended\20260825_020709_922.png","ready",""
"東京 芝 1800m","先行","recommended","巨歩","recommended\20260825_020709_922.png","ready",""
"東京 芝 1800m","先行","recommended","パラダイムシフト","recommended\20260825_020709_922.png","ready",""
"東京 芝 1800m","先行","recommended","阿吽の呼吸","recommended\20260825_020709_922.png","ready",""
"東京 芝 1800m","先行","recommended","大立ち回り","recommended\20260825_020709_922.png","ready",""
"東京 芝 1800m","先行","recommended","流れに任せて","recommended\20260825_020709_922.png","ready",""
"東京 芝 1800m","先行","recommended","憂いなし","recommended\20260825_020709_922.png","ready","manual_fix:愛いなし->憂いなし"
"東京 芝 1800m","先行","recommended","純真無垢","recommended\20260825_020709_922.png","ready",""
"東京 芝 1800m","先行","recommended","ただその先へ","recommended\20260825_020718_843.png","ready",""
"東京 芝 1800m","先行","recommended","連綿","recommended\20260825_020718_843.png","ready","manual_fix:連結->連綿"
"東京 芝 1800m","先行","recommended","素質の証明","recommended\20260825_020718_843.png","ready",""
"東京 芝 1800m","先行","recommended","前だけ見据えて","recommended\20260825_020718_843.png","ready",""
"東京 芝 1800m","先行","recommended","レースの真髄・速","recommended\20260825_020718_843.png","ready",""
"東京 芝 1800m","先行","recommended","レースの真髄・体","recommended\20260825_020718_843.png","ready",""
"東京 芝 1800m","先行","recommended","いつまでも健やかに","recommended\20260825_020718_843.png","ready",""
"東京 芝 1800m","先行","recommended","極上の感謝を！","recommended\20260825_020718_843.png","ready",""
"東京 芝 1800m","先行","recommended","恩返し、召し上がれ","recommended\20260825_020718_843.png","ready",""
"東京 芝 1800m","先行","super_recommended","左回り◎","super\20260825_020537_477.png","ready",""
"東京 芝 1800m","先行","super_recommended","秋ウマ娘◎","super\20260825_020537_477.png","ready",""
"東京 芝 1800m","先行","super_recommended","マイル直線◎","super\20260825_020537_477.png","ready",""
"東京 芝 1800m","先行","super_recommended","マイルコーナー◎","super\20260825_020537_477.png","ready",""
"東京 芝 1800m","先行","super_recommended","先行直線◎","super\20260825_020537_477.png","ready",""
"東京 芝 1800m","先行","super_recommended","先行コーナー◎","super\20260825_020537_477.png","ready",""
"東京 芝 1800m","先行","super_recommended","尻尾上がり","super\20260825_020554_694.png","ready",""
"東京 芝 1800m","先行","super_recommended","尻尾の滝登り","super\20260825_020554_694.png","ready",""
"東京 芝 1800m","先行","super_recommended","鍔迫り合い","super\20260825_020554_694.png","ready",""
"東京 芝 1800m","先行","super_recommended","真っ向勝負","super\20260825_020554_694.png","draft",""
"東京 芝 1800m","先行","super_recommended","ハイボルテージ","super\20260825_020554_694.png","ready",""
"東京 芝 1800m","先行","super_recommended","心弾んで","super\20260825_020554_694.png","ready",""
"東京 芝 1800m","先行","super_recommended","猪突猛進","super\20260825_020554_694.png","ready",""
"東京 芝 1800m","先行","super_recommended","押しの一手","super\20260825_020554_694.png","draft",""
"東京 芝 1800m","先行","super_recommended","星の煌き","super\20260825_020554_694.png","ready","manual_fix:星の輝き->星の煌き"
"東京 芝 1800m","差し","recommended","府中の申し子","recommended\20260825_020812_682.png","draft",""
"東京 芝 1800m","差し","recommended","良バ場の鬼","recommended\20260825_020812_682.png","ready",""
"東京 芝 1800m","差し","recommended","弧線のプロフェッサー","recommended\20260825_020812_682.png","ready",""
"東京 芝 1800m","差し","recommended","コーナー巧者○","recommended\20260825_020812_682.png","draft",""
"東京 芝 1800m","差し","recommended","ハヤテ一文字","recommended\20260825_020812_682.png","ready",""
"東京 芝 1800m","差し","recommended","直線巧者","recommended\20260825_020812_682.png","ready",""
"東京 芝 1800m","差し","recommended","ノンストップガール","recommended\20260825_020812_682.png","ready",""
"東京 芝 1800m","差し","recommended","垂れウマ回避","recommended\20260825_020812_682.png","ready",""
"東京 芝 1800m","差し","recommended","全身全霊","recommended\20260825_020812_682.png","ready",""
"東京 芝 1800m","差し","recommended","末脚","recommended\20260825_020812_682.png","ready",""
"東京 芝 1800m","差し","recommended","迅速果断","recommended\20260825_020812_682.png","ready",""
"東京 芝 1800m","差し","recommended","位置取り押し上げ","recommended\20260825_020812_682.png","ready",""
"東京 芝 1800m","差し","recommended","昇り龍","recommended\20260825_020822_993.png","ready",""
"東京 芝 1800m","差し","recommended","外差し準備","recommended\20260825_020822_993.png","ready",""
"東京 芝 1800m","差し","recommended","慧眼","recommended\20260825_020822_993.png","ready",""
"東京 芝 1800m","差し","recommended","逃げためらい","recommended\20260825_020822_993.png","ready",""
"東京 芝 1800m","差し","recommended","先行ためらい","recommended\20260825_020822_993.png","ready",""
"東京 芝 1800m","差し","recommended","差しためらい","recommended\20260825_020822_993.png","ready",""
"東京 芝 1800m","差し","recommended","追込ためらい","recommended\20260825_020822_993.png","ready",""
"東京 芝 1800m","差し","recommended","姉御肌","recommended\20260825_020822_993.png","ready",""
"東京 芝 1800m","差し","recommended","負けん気","recommended\20260825_020822_993.png","ready",""
"東京 芝 1800m","差し","recommended","布陣","recommended\20260825_020822_993.png","ready",""
"東京 芝 1800m","差し","recommended","布石","recommended\20260825_020822_993.png","ready","manual_fix:不屈->布石"
"東京 芝 1800m","差し","recommended","百万バリキ","recommended\20260825_020822_993.png","ready",""
"東京 芝 1800m","差し","recommended","十万バリキ","recommended\20260825_020822_993.png","ready",""
"東京 芝 1800m","差し","recommended","ウマ好み","recommended\20260825_020822_993.png","ready",""
"東京 芝 1800m","差し","recommended","ウママニア","recommended\20260825_020831_069.png","ready",""
"東京 芝 1800m","差し","recommended","スリップストリーム","recommended\20260825_020831_069.png","ready",""
"東京 芝 1800m","差し","recommended","いいとこ入った！","recommended\20260825_020831_069.png","ready",""
"東京 芝 1800m","差し","recommended","遊びはおしまいっ！","recommended\20260825_020831_069.png","ready",""
"東京 芝 1800m","差し","recommended","お先に失礼っ！","recommended\20260825_020831_069.png","ready",""
"東京 芝 1800m","差し","recommended","大胆不敵","recommended\20260825_020831_069.png","ready",""
"東京 芝 1800m","差し","recommended","恐れぬ心","recommended\20260825_020831_069.png","ready",""
"東京 芝 1800m","差し","recommended","勇往邁進","recommended\20260825_020831_069.png","ready",""
"東京 芝 1800m","差し","recommended","フルスロットル","recommended\20260825_020831_069.png","ready",""
"東京 芝 1800m","差し","recommended","至高のダウンヒラー","recommended\20260825_020831_069.png","ready",""
"東京 芝 1800m","差し","recommended","下り坂巧者","recommended\20260825_020831_069.png","ready",""
"東京 芝 1800m","差し","recommended","猛追","recommended\20260825_020831_069.png","ready",""
"東京 芝 1800m","差し","recommended","食らいつき","recommended\20260825_020831_069.png","ready",""
"東京 芝 1800m","差し","recommended","優位形成","recommended\20260825_020831_069.png","ready",""
"東京 芝 1800m","差し","recommended","しとやかな足取り","recommended\20260825_020844_109.png","ready",""
"東京 芝 1800m","差し","recommended","神速","recommended\20260825_020844_109.png","ready",""
"東京 芝 1800m","差し","recommended","快速","recommended\20260825_020844_109.png","ready",""
"東京 芝 1800m","差し","recommended","インスピレーション","recommended\20260825_020844_109.png","ready",""
"東京 芝 1800m","差し","recommended","溢れる情熱","recommended\20260825_020844_109.png","ready",""
"東京 芝 1800m","差し","recommended","実撃魂","recommended\20260825_020844_109.png","ready","manual_fix:実弾魂->実撃魂"
"東京 芝 1800m","差し","recommended","進出開始","recommended\20260825_020844_109.png","ready",""
"東京 芝 1800m","差し","recommended","千里の道","recommended\20260825_020844_109.png","ready",""
"東京 芝 1800m","差し","recommended","電光石火","recommended\20260825_020844_109.png","ready",""
"東京 芝 1800m","差し","recommended","自信家","recommended\20260825_020844_109.png","ready",""
"東京 芝 1800m","差し","recommended","ネバーギブアップ","recommended\20260825_020844_109.png","ready",""
"東京 芝 1800m","差し","recommended","機先の勝負","recommended\20260825_020844_109.png","ready",""
"東京 芝 1800m","差し","recommended","序盤巧者","recommended\20260825_020844_109.png","ready",""
"東京 芝 1800m","差し","recommended","激情","recommended\20260825_020844_109.png","ready","manual_fix:昂揚->激情"
"東京 芝 1800m","差し","recommended","滾る想い","recommended\20260825_020852_636.png","ready","manual_fix:漲る想い->滾る想い"
"東京 芝 1800m","差し","recommended","トキメキハート","recommended\20260825_020852_636.png","ready",""
"東京 芝 1800m","差し","recommended","胸の高鳴り","recommended\20260825_020852_636.png","ready","manual_fix:胸の言鳴り->胸の高鳴り"
"東京 芝 1800m","差し","recommended","本能の解放","recommended\20260825_020852_636.png","ready",""
"東京 芝 1800m","差し","recommended","むきだしの情熱","recommended\20260825_020852_636.png","ready",""
"東京 芝 1800m","差し","recommended","用意周到","recommended\20260825_020852_636.png","ready",""
"東京 芝 1800m","差し","recommended","下準備","recommended\20260825_020852_636.png","ready",""
"東京 芝 1800m","差し","recommended","英姿颯爽","recommended\20260825_020852_636.png","ready",""
"東京 芝 1800m","差し","recommended","ハイピッチ","recommended\20260825_020852_636.png","ready",""
"東京 芝 1800m","差し","recommended","真骨頂","recommended\20260825_020852_636.png","ready",""
"東京 芝 1800m","差し","recommended","一歩ずつ前へ","recommended\20260825_020852_636.png","ready",""
"東京 芝 1800m","差し","recommended","英俊豪傑","recommended\20260825_020852_636.png","ready",""
"東京 芝 1800m","差し","recommended","比類なき","recommended\20260825_020852_636.png","ready",""
"東京 芝 1800m","差し","recommended","ステップアップ","recommended\20260825_020852_636.png","ready",""
"東京 芝 1800m","差し","recommended","独立独歩","recommended\20260825_020901_109.png","ready",""
"東京 芝 1800m","差し","recommended","押し通る！","recommended\20260825_020901_109.png","ready",""
"東京 芝 1800m","差し","recommended","陽炎","recommended\20260825_020901_109.png","ready",""
"東京 芝 1800m","差し","recommended","静かな熱","recommended\20260825_020901_109.png","ready",""
"東京 芝 1800m","差し","recommended","この手に掴んだ未来","recommended\20260825_020901_109.png","ready",""
"東京 芝 1800m","差し","recommended","闘争本能","recommended\20260825_020901_109.png","ready",""
"東京 芝 1800m","差し","recommended","好戦的","recommended\20260825_020901_109.png","ready",""
"東京 芝 1800m","差し","recommended","解き放つ情念","recommended\20260825_020901_109.png","ready",""
"東京 芝 1800m","差し","recommended","好奇心","recommended\20260825_020901_109.png","ready",""
"東京 芝 1800m","差し","recommended","心惹かれて","recommended\20260825_020901_109.png","ready",""
"東京 芝 1800m","差し","recommended","まばたき厳禁！","recommended\20260825_020901_109.png","draft",""
"東京 芝 1800m","差し","recommended","シビれる走り","recommended\20260825_020901_109.png","ready",""
"東京 芝 1800m","差し","recommended","燃ゆる魂","recommended\20260825_020901_109.png","ready",""
"東京 芝 1800m","差し","recommended","灯を胸に","recommended\20260825_020901_109.png","ready",""
"東京 芝 1800m","差し","recommended","行雲流水","recommended\20260825_020910_631.png","ready",""
"東京 芝 1800m","差し","recommended","淀みなし","recommended\20260825_020910_631.png","ready",""
"東京 芝 1800m","差し","recommended","有志竟成","recommended\20260825_020910_631.png","ready",""
"東京 芝 1800m","差し","recommended","大志を抱いて","recommended\20260825_020910_631.png","ready",""
"東京 芝 1800m","差し","recommended","元気溌剌","recommended\20260825_020910_631.png","ready",""
"東京 芝 1800m","差し","recommended","溌剌","recommended\20260825_020910_631.png","ready","manual_fix:飛燕->溌剌"
"東京 芝 1800m","差し","recommended","前人未到","recommended\20260825_020910_631.png","ready",""
"東京 芝 1800m","差し","recommended","巨歩","recommended\20260825_020910_631.png","ready",""
"東京 芝 1800m","差し","recommended","阿吽の呼吸","recommended\20260825_020910_631.png","ready",""
"東京 芝 1800m","差し","recommended","一騎当千","recommended\20260825_020910_631.png","ready",""
"東京 芝 1800m","差し","recommended","大立ち回り","recommended\20260825_020910_631.png","ready",""
"東京 芝 1800m","差し","recommended","流れに任せて","recommended\20260825_020910_631.png","ready",""
"東京 芝 1800m","差し","recommended","追尾","recommended\20260825_020910_631.png","ready",""
"東京 芝 1800m","差し","recommended","聖女の挑戦","recommended\20260825_020910_631.png","ready",""
"東京 芝 1800m","差し","recommended","いざ我が道へ！","recommended\20260825_020920_689.png","ready",""
"東京 芝 1800m","差し","recommended","連綿","recommended\20260825_020920_689.png","ready","manual_fix:連結->連綿"
"東京 芝 1800m","差し","recommended","素質の証明","recommended\20260825_020920_689.png","ready",""
"東京 芝 1800m","差し","recommended","前だけ見据えて","recommended\20260825_020920_689.png","ready",""
"東京 芝 1800m","差し","recommended","レースの真髄・速","recommended\20260825_020920_689.png","ready",""
"東京 芝 1800m","差し","recommended","レースの真髄・体","recommended\20260825_020920_689.png","ready",""
"東京 芝 1800m","差し","recommended","いつまでも健やかに","recommended\20260825_020920_689.png","ready",""
"東京 芝 1800m","差し","recommended","極上の感謝を！","recommended\20260825_020920_689.png","ready",""
"東京 芝 1800m","差し","recommended","恩返し、召し上がれ","recommended\20260825_020920_689.png","ready",""
"東京 芝 1800m","差し","super_recommended","左回り◎","super\20260825_020740_188.png","ready",""
"東京 芝 1800m","差し","super_recommended","左回り○","super\20260825_020740_188.png","ready",""
"東京 芝 1800m","差し","super_recommended","秋ウマ娘◎","super\20260825_020740_188.png","ready",""
"東京 芝 1800m","差し","super_recommended","秋ウマ娘○","super\20260825_020740_188.png","ready",""
"東京 芝 1800m","差し","super_recommended","乗り換え上手","super\20260825_020740_188.png","ready",""
"東京 芝 1800m","差し","super_recommended","差し切り体勢","super\20260825_020740_188.png","ready",""
"東京 芝 1800m","差し","super_recommended","マイル直線◎","super\20260825_020740_188.png","ready",""
"東京 芝 1800m","差し","super_recommended","マイル直線○","super\20260825_020740_188.png","ready",""
"東京 芝 1800m","差し","super_recommended","マイルコーナー◎","super\20260825_020740_188.png","ready",""
"東京 芝 1800m","差し","super_recommended","マイルコーナー○","super\20260825_020740_188.png","ready",""
"東京 芝 1800m","差し","super_recommended","差し直線◎","super\20260825_020740_188.png","ready",""
"東京 芝 1800m","差し","super_recommended","差し直線○","super\20260825_020740_188.png","ready",""
"東京 芝 1800m","差し","super_recommended","差しコーナー◎","super\20260825_020755_211.png","ready",""
"東京 芝 1800m","差し","super_recommended","差しコーナー○","super\20260825_020755_211.png","ready",""
"東京 芝 1800m","差し","super_recommended","尻尾上がり","super\20260825_020755_211.png","ready",""
"東京 芝 1800m","差し","super_recommended","尻尾の滝登り","super\20260825_020755_211.png","ready","manual_fix:尻尾の海渡り->尻尾の滝登り"
"東京 芝 1800m","差し","super_recommended","電光石火","super\20260825_020755_211.png","ready",""
"東京 芝 1800m","差し","super_recommended","一足飛び","super\20260825_020755_211.png","ready",""
"東京 芝 1800m","差し","super_recommended","天真爛漫","super\20260825_020755_211.png","ready",""
"東京 芝 1800m","差し","super_recommended","足任せ","super\20260825_020755_211.png","ready","manual_fix:足かせ->足任せ"
"東京 芝 1800m","差し","super_recommended","星の煌き","super\20260825_020755_211.png","draft",""
"東京 芝 1800m","追込","recommended","府中の申し子","recommended\20260825_021011_025.png","ready","visual_confirmed"
"東京 芝 1800m","追込","recommended","良バ場の鬼","recommended\20260825_021011_025.png","ready",""
"東京 芝 1800m","追込","recommended","弧線のプロフェッサー","recommended\20260825_021011_025.png","ready",""
"東京 芝 1800m","追込","recommended","コーナー巧者○","recommended\20260825_021011_025.png","ready","visual_confirmed"
"東京 芝 1800m","追込","recommended","ハヤテ一文字","recommended\20260825_021011_025.png","ready",""
"東京 芝 1800m","追込","recommended","直線巧者","recommended\20260825_021011_025.png","ready",""
"東京 芝 1800m","追込","recommended","ノンストップガール","recommended\20260825_021011_025.png","ready",""
"東京 芝 1800m","追込","recommended","垂れウマ回避","recommended\20260825_021011_025.png","ready",""
"東京 芝 1800m","追込","recommended","全身全霊","recommended\20260825_021011_025.png","ready",""
"東京 芝 1800m","追込","recommended","末脚","recommended\20260825_021011_025.png","ready",""
"東京 芝 1800m","追込","recommended","疾風怒濤","recommended\20260825_021011_025.png","ready",""
"東京 芝 1800m","追込","recommended","仕掛け抜群","recommended\20260825_021011_025.png","ready",""
"東京 芝 1800m","追込","recommended","慧眼","recommended\20260825_021023_057.png","ready",""
"東京 芝 1800m","追込","recommended","逃げためらい","recommended\20260825_021023_057.png","ready",""
"東京 芝 1800m","追込","recommended","先行ためらい","recommended\20260825_021023_057.png","ready",""
"東京 芝 1800m","追込","recommended","差しためらい","recommended\20260825_021023_057.png","ready",""
"東京 芝 1800m","追込","recommended","追込ためらい","recommended\20260825_021023_057.png","ready",""
"東京 芝 1800m","追込","recommended","姉御肌","recommended\20260825_021023_057.png","ready",""
"東京 芝 1800m","追込","recommended","負けん気","recommended\20260825_021023_057.png","ready",""
"東京 芝 1800m","追込","recommended","布陣","recommended\20260825_021023_057.png","ready",""
"東京 芝 1800m","追込","recommended","布石","recommended\20260825_021023_057.png","ready",""
"東京 芝 1800m","追込","recommended","熱いまなざし","recommended\20260825_021023_057.png","ready",""
"東京 芝 1800m","追込","recommended","まなざし","recommended\20260825_021023_057.png","ready",""
"東京 芝 1800m","追込","recommended","ウマ好み","recommended\20260825_021023_057.png","ready",""
"東京 芝 1800m","追込","recommended","ウママニア","recommended\20260825_021023_057.png","ready",""
"東京 芝 1800m","追込","recommended","スリップストリーム","recommended\20260825_021023_057.png","ready",""
"東京 芝 1800m","追込","recommended","いいとこ入った！","recommended\20260825_021033_632.png","ready",""
"東京 芝 1800m","追込","recommended","遊びはおしまいっ！","recommended\20260825_021033_632.png","ready",""
"東京 芝 1800m","追込","recommended","お先に失礼っ！","recommended\20260825_021033_632.png","ready",""
"東京 芝 1800m","追込","recommended","強攻策","recommended\20260825_021033_632.png","ready",""
"東京 芝 1800m","追込","recommended","至高のダウンヒラー","recommended\20260825_021033_632.png","ready",""
"東京 芝 1800m","追込","recommended","下り坂巧者","recommended\20260825_021033_632.png","ready",""
"東京 芝 1800m","追込","recommended","ブレイクスルー","recommended\20260825_021033_632.png","ready",""
"東京 芝 1800m","追込","recommended","打開策","recommended\20260825_021033_632.png","ready",""
"東京 芝 1800m","追込","recommended","優位形成","recommended\20260825_021033_632.png","ready",""
"東京 芝 1800m","追込","recommended","しとやかな足取り","recommended\20260825_021033_632.png","ready",""
"東京 芝 1800m","追込","recommended","神速","recommended\20260825_021033_632.png","ready",""
"東京 芝 1800m","追込","recommended","快速","recommended\20260825_021033_632.png","ready",""
"東京 芝 1800m","追込","recommended","電光石火","recommended\20260825_021033_632.png","ready",""
"東京 芝 1800m","追込","recommended","自信家","recommended\20260825_021033_632.png","ready",""
"東京 芝 1800m","追込","recommended","ネバーギブアップ","recommended\20260825_021043_043.png","ready",""
"東京 芝 1800m","追込","recommended","機先の勝負","recommended\20260825_021043_043.png","ready",""
"東京 芝 1800m","追込","recommended","序盤巧者","recommended\20260825_021043_043.png","ready","manual_fix:厚底巧者->序盤巧者"
"東京 芝 1800m","追込","recommended","飛翔脚","recommended\20260825_021043_043.png","ready",""
"東京 芝 1800m","追込","recommended","推力十分","recommended\20260825_021043_043.png","ready",""
"東京 芝 1800m","追込","recommended","一心不乱","recommended\20260825_021043_043.png","ready",""
"東京 芝 1800m","追込","recommended","惜しみなし","recommended\20260825_021043_043.png","ready",""
"東京 芝 1800m","追込","recommended","肉薄","recommended\20260825_021043_043.png","ready",""
"東京 芝 1800m","追込","recommended","影踏み","recommended\20260825_021043_043.png","ready",""
"東京 芝 1800m","追込","recommended","熱情","recommended\20260825_021043_043.png","ready",""
"東京 芝 1800m","追込","recommended","滾る想い","recommended\20260825_021043_043.png","ready","manual_fix:漲る想い->滾る想い"
"東京 芝 1800m","追込","recommended","掌握","recommended\20260825_021043_043.png","ready",""
"東京 芝 1800m","追込","recommended","トキメキハート","recommended\20260825_021043_043.png","ready",""
"東京 芝 1800m","追込","recommended","胸の高鳴り","recommended\20260825_021043_043.png","ready","manual_fix:脚の鳴り->胸の高鳴り"
"東京 芝 1800m","追込","super_recommended","左回り◎","super\20260825_020946_691.png","ready",""
"東京 芝 1800m","追込","super_recommended","左回り○","super\20260825_020946_691.png","ready",""
"東京 芝 1800m","追込","super_recommended","秋ウマ娘◎","super\20260825_020946_691.png","ready",""
"東京 芝 1800m","追込","super_recommended","秋ウマ娘○","super\20260825_020946_691.png","ready",""
"東京 芝 1800m","追込","super_recommended","マイル直線◎","super\20260825_020946_691.png","ready",""
"東京 芝 1800m","追込","super_recommended","マイル直線○","super\20260825_020946_691.png","ready",""
"東京 芝 1800m","追込","super_recommended","マイルコーナー◎","super\20260825_020946_691.png","ready",""
"東京 芝 1800m","追込","super_recommended","マイルコーナー○","super\20260825_020946_691.png","ready",""
"東京 芝 1800m","追込","super_recommended","追込直線◎","super\20260825_020946_691.png","ready",""
"東京 芝 1800m","追込","super_recommended","追込直線○","super\20260825_020946_691.png","ready",""
"東京 芝 1800m","追込","super_recommended","追込コーナー◎","super\20260825_020946_691.png","ready",""
"東京 芝 1800m","追込","super_recommended","追込コーナー○","super\20260825_020946_691.png","ready",""
"東京 芝 1800m","追込","super_recommended","尻尾上がり","super\20260825_020956_322.png","ready",""
"東京 芝 1800m","追込","super_recommended","尻尾の滝登り","super\20260825_020956_322.png","ready",""
"東京 芝 1800m","追込","super_recommended","電光石火","super\20260825_020956_322.png","ready",""
"東京 芝 1800m","追込","super_recommended","一足飛び","super\20260825_020956_322.png","ready",""
"東京 芝 1800m","追込","super_recommended","天真爛漫","super\20260825_020956_322.png","ready",""
"東京 芝 1800m","追込","super_recommended","足任せ","super\20260825_020956_322.png","ready",""
"東京 芝 1800m","追込","super_recommended","星の煌き","super\20260825_020956_322.png","ready","manual_fix:星の輝き->星の煌き"
